,title,country,region,rank_display,score,url,faculty_tot,faculty_int,student_tot,student_int
0,Massachusetts Institute of Technology (MIT),United States,North America,1.0,100.0,https://www.topuniversities.com/universities/massachusetts-institute-technology-mit#wurs,2982.0,1679.0,11067.0,3717.0
1,Stanford University,United States,North America,2.0,98.7,https://www.topuniversities.com/universities/stanford-university#wurs,4285.0,2042.0,15878.0,3611.0
2,Harvard University,United States,North America,3.0,98.4,https://www.topuniversities.com/universities/harvard-university#wurs,4350.0,1311.0,22429.0,5266.0
3,California Institute of Technology (Caltech),United States,North America,4.0,97.7,https://www.topuniversities.com/universities/california-institute-technology-caltech#wurs,953.0,350.0,2255.0,647.0
4,University of Cambridge,United Kingdom,Europe,5.0,95.6,https://www.topuniversities.com/universities/university-cambridge#wurs,5490.0,2278.0,18770.0,6699.0
5,University of Oxford,United Kingdom,Europe,6.0,95.3,https://www.topuniversities.com/universities/university-oxford#wurs,6750.0,2964.0,19720.0,7353.0
6,UCL (University College London),United Kingdom,Europe,7.0,94.6,https://www.topuniversities.com/universities/ucl-university-college-london#wurs,6345.0,2554.0,31080.0,14854.0
7,Imperial College London,United Kingdom,Europe,8.0,93.7,https://www.topuniversities.com/universities/imperial-college-london#wurs,3930.0,2071.0,16090.0,8746.0
8,University of Chicago,United States,North America,9.0,93.5,https://www.topuniversities.com/universities/university-chicago#wurs,2449.0,635.0,13557.0,3379.0
9,ETH Zurich - Swiss Federal Institute of Technology,Switzerland,Europe,10.0,93.3,https://www.topuniversities.com/universities/eth-zurich-swiss-federal-institute-technology#wurs,2477.0,1886.0,19815.0,7563.0
10,"Nanyang Technological University, Singapore (NTU)",Singapore,Asia,11.0,92.2,https://www.topuniversities.com/universities/nanyang-technological-university-singapore-ntu#wurs,4338.0,2993.0,25738.0,7251.0
11,Ecole Polytechnique Fédérale de Lausanne (EPFL),Switzerland,Europe,12.0,91.2,https://www.topuniversities.com/universities/ecole-polytechnique-f%C3%A9d%C3%A9rale-de-lausanne-epfl#wurs,1695.0,1300.0,10343.0,5896.0
12,Princeton University,United States,North America,13.0,91.0,https://www.topuniversities.com/universities/princeton-university#wurs,1007.0,246.0,8069.0,1793.0
13,Cornell University,United States,North America,14.0,90.7,https://www.topuniversities.com/universities/cornell-university#wurs,2718.0,970.0,21904.0,5411.0
14,National University of Singapore (NUS),Singapore,Asia,15.0,90.5,https://www.topuniversities.com/universities/national-university-singapore-nus#wurs,5106.0,3086.0,32728.0,8917.0
15,Yale University,United States,North America,16.0,90.4,https://www.topuniversities.com/universities/yale-university#wurs,4940.0,1708.0,12402.0,2469.0
16,Johns Hopkins University,United States,North America,17.0,89.8,https://www.topuniversities.com/universities/johns-hopkins-university#wurs,4462.0,1061.0,16146.0,4105.0
17,Columbia University,United States,North America,18.0,88.9,https://www.topuniversities.com/universities/columbia-university#wurs,6189.0,913.0,25045.0,8105.0
18,University of Pennsylvania,United States,North America,19.0,88.7,https://www.topuniversities.com/universities/university-pennsylvania#wurs,5499.0,1383.0,20639.0,4250.0
19,The Australian National University,Australia,Oceania,20.0,87.1,https://www.topuniversities.com/universities/australian-national-university#wurs,1600.0,927.0,14442.0,5551.0
20,Duke University,United States,North America,21.0,87.0,https://www.topuniversities.com/universities/duke-university#wurs,2938.0,226.0,15320.0,2864.0
21,University of Michigan,United States,North America,21.0,87.0,https://www.topuniversities.com/universities/university-michigan#wurs,6809.0,1920.0,43147.0,7527.0
22,King's College London,United Kingdom,Europe,23.0,86.9,https://www.topuniversities.com/universities/kings-college-london#wurs,3650.0,1513.0,23780.0,9451.0
23,The University of Edinburgh,United Kingdom,Europe,23.0,86.9,https://www.topuniversities.com/universities/university-edinburgh#wurs,4075.0,1553.0,28040.0,10551.0
24,Tsinghua University,China,Asia,25.0,85.6,https://www.topuniversities.com/universities/tsinghua-university#wurs,5506.0,932.0,36300.0,4072.0
25,The University of Hong Kong,Hong Kong,Asia,26.0,85.5,https://www.topuniversities.com/universities/university-hong-kong#wurs,3012.0,2085.0,20214.0,8230.0
26,"University of California, Berkeley (UCB)",United States,North America,27.0,84.9,https://www.topuniversities.com/universities/university-california-berkeley-ucb#wurs,3321.0,1395.0,36703.0,6086.0
27,Northwestern University,United States,North America,28.0,84.8,https://www.topuniversities.com/universities/northwestern-university#wurs,4231.0,1141.0,18675.0,3422.0
28,The University of Tokyo,Japan,Asia,28.0,84.8,https://www.topuniversities.com/universities/university-tokyo#wurs,4514.0,254.0,27279.0,2639.0
29,The Hong Kong University of Science and Technology,Hong Kong,Asia,30.0,84.3,https://www.topuniversities.com/universities/hong-kong-university-science-technology#wurs,1150.0,835.0,10375.0,2921.0
30,University of Toronto,Canada,North America,31.0,84.0,https://www.topuniversities.com/universities/university-toronto#wurs,9581.0,3905.0,72207.0,21910.0
31,McGill University,Canada,North America,32.0,83.9,https://www.topuniversities.com/universities/mcgill-university#wurs,3646.0,1220.0,28837.0,9540.0
32,"University of California, Los Angeles (UCLA)",United States,North America,33.0,83.6,https://www.topuniversities.com/universities/university-california-los-angeles-ucla#wurs,2859.0,662.0,40114.0,6887.0
33,The University of Manchester,United Kingdom,Europe,34.0,83.0,https://www.topuniversities.com/universities/university-manchester#wurs,4910.0,1653.0,36670.0,13514.0
34,London School of Economics and Political Science (LSE),United Kingdom,Europe,35.0,81.8,https://www.topuniversities.com/universities/london-school-economics-political-science-lse#wurs,1088.0,687.0,9760.0,6748.0
35,Kyoto University,Japan,Asia,36.0,81.5,https://www.topuniversities.com/universities/kyoto-university#wurs,4060.0,293.0,22974.0,1990.0
36,Seoul National University,South Korea,Asia,36.0,81.5,https://www.topuniversities.com/universities/seoul-national-university#wurs,3930.0,433.0,28064.0,2331.0
38,"University of California, San Diego (UCSD)",United States,North America,38.0,80.8,https://www.topuniversities.com/universities/university-california-san-diego-ucsd#wurs,3694.0,870.0,32237.0,6644.0
37,Peking University,China,Asia,38.0,80.8,https://www.topuniversities.com/universities/peking-university#wurs,5185.0,1038.0,42136.0,7090.0
39,Fudan University,China,Asia,40.0,80.6,https://www.topuniversities.com/universities/fudan-university#wurs,4037.0,1178.0,29135.0,4680.0
40,KAIST - Korea Advanced Institute of Science & Technology,South Korea,Asia,41.0,80.4,https://www.topuniversities.com/universities/kaist-korea-advanced-institute-science-technology#wurs,1250.0,147.0,9826.0,584.0
41,The University of Melbourne,Australia,Oceania,41.0,80.4,https://www.topuniversities.com/universities/university-melbourne#wurs,3311.0,1477.0,42182.0,18030.0
42,"Ecole normale supérieure, Paris",France,Europe,43.0,79.9,https://www.topuniversities.com/universities/ecole-normale-sup%C3%A9rieure-paris#wurs,178.0,75.0,1907.0,374.0
43,University of Bristol,United Kingdom,Europe,44.0,79.5,https://www.topuniversities.com/universities/university-bristol#wurs,2870.0,942.0,20630.0,5099.0
44,The University of New South Wales (UNSW Sydney),Australia,Oceania,45.0,78.9,https://www.topuniversities.com/universities/university-new-south-wales-unsw-sydney#wurs,2924.0,1612.0,39784.0,14292.0
45,The Chinese University of Hong Kong (CUHK),Hong Kong,Asia,46.0,78.8,https://www.topuniversities.com/universities/chinese-university-hong-kong-cuhk#wurs,2208.0,1074.0,18037.0,4824.0
46,The University of Queensland,Australia,Oceania,47.0,78.6,https://www.topuniversities.com/universities/university-queensland#wurs,3158.0,1870.0,37497.0,10420.0
47,Carnegie Mellon University,United States,North America,47.0,78.6,https://www.topuniversities.com/universities/carnegie-mellon-university#wurs,1342.0,425.0,13356.0,6385.0
48,City University of Hong Kong,Hong Kong,Asia,49.0,78.4,https://www.topuniversities.com/universities/city-university-hong-kong#wurs,1349.0,1027.0,9240.0,3273.0
49,The University of Sydney,Australia,Oceania,50.0,78.0,https://www.topuniversities.com/universities/university-sydney#wurs,3360.0,1829.0,46678.0,17030.0
50,University of British Columbia,Canada,North America,51.0,77.9,https://www.topuniversities.com/universities/university-british-columbia#wurs,4648.0,1635.0,50350.0,11388.0
51,New York University (NYU),United States,North America,52.0,77.3,https://www.topuniversities.com/universities/new-york-university-nyu#wurs,,,,
52,Brown University,United States,North America,53.0,76.5,https://www.topuniversities.com/universities/brown-university#wurs,1303.0,379.0,9251.0,1825.0
53,Delft University of Technology,Netherlands,Europe,54.0,76.1,https://www.topuniversities.com/universities/delft-university-technology#wurs,1669.0,701.0,16527.0,4634.0
54,University of Wisconsin-Madison,United States,North America,55.0,75.8,https://www.topuniversities.com/universities/university-wisconsin-madison#wurs,5722.0,1151.0,38985.0,4920.0
55,Tokyo Institute of Technology,Japan,Asia,56.0,74.8,https://www.topuniversities.com/universities/tokyo-institute-technology#wurs,1563.0,191.0,9832.0,1071.0
56,The University of Warwick,United Kingdom,Europe,57.0,74.4,https://www.topuniversities.com/universities/university-warwick#wurs,2093.0,890.0,19855.0,7703.0
57,University of Amsterdam,Netherlands,Europe,58.0,74.3,https://www.topuniversities.com/universities/university-amsterdam#wurs,2600.0,707.0,25967.0,3785.0
58,Ecole Polytechnique,France,Europe,59.0,74.0,https://www.topuniversities.com/universities/ecole-polytechnique#wurs,649.0,259.0,3126.0,924.0
59,Monash University,Australia,Oceania,60.0,73.1,https://www.topuniversities.com/universities/monash-university#wurs,3204.0,1679.0,57433.0,20578.0
60,University of Washington,United States,North America,61.0,72.9,https://www.topuniversities.com/universities/university-washington#wurs,2484.0,550.0,56973.0,8373.0
61,Shanghai Jiao Tong University,China,Asia,62.0,72.5,https://www.topuniversities.com/universities/shanghai-jiao-tong-university#wurs,3544.0,887.0,38931.0,2858.0
62,Osaka University,Japan,Asia,63.0,72.1,https://www.topuniversities.com/universities/osaka-university#wurs,2814.0,296.0,22760.0,2106.0
63,Technical University of Munich,Germany,Europe,64.0,72.0,https://www.topuniversities.com/universities/technical-university-munich#wurs,5850.0,1174.0,38726.0,6181.0
64,University of Glasgow,United Kingdom,Europe,65.0,71.6,https://www.topuniversities.com/universities/university-glasgow#wurs,2775.0,956.0,23815.0,8149.0
65,Ludwig-Maximilians-Universität München,Germany,Europe,66.0,70.8,https://www.topuniversities.com/universities/ludwig-maximilians-universit%C3%A4t-m%C3%BCnchen#wurs,3274.0,674.0,35055.0,5084.0
66,University of Texas at Austin,United States,North America,67.0,70.6,https://www.topuniversities.com/universities/university-texas-austin#wurs,2833.0,108.0,47995.0,4744.0
67,Ruprecht-Karls-Universität Heidelberg,Germany,Europe,68.0,70.4,https://www.topuniversities.com/universities/ruprecht-karls-universit%C3%A4t-heidelberg#wurs,3908.0,756.0,28852.0,5298.0
68,University of Illinois at Urbana-Champaign,United States,North America,69.0,70.3,https://www.topuniversities.com/universities/university-illinois-urbana-champaign#wurs,2554.0,259.0,42427.0,9483.0
69,Georgia Institute of Technology,United States,North America,70.0,70.1,https://www.topuniversities.com/universities/georgia-institute-technology#wurs,1133.0,75.0,21082.0,4761.0
70,KU Leuven,Belgium,Europe,71.0,69.4,https://www.topuniversities.com/universities/ku-leuven#wurs,2515.0,784.0,45538.0,6926.0
71,Pohang University of Science And Technology (POSTECH),South Korea,Asia,71.0,69.4,https://www.topuniversities.com/universities/pohang-university-science-technology-postech#wurs,664.0,113.0,3117.0,126.0
72,University of Zurich,Switzerland,Europe,73.0,69.2,https://www.topuniversities.com/universities/university-zurich#wurs,4997.0,2617.0,26065.0,5036.0
73,University of Copenhagen,Denmark,Europe,73.0,69.2,https://www.topuniversities.com/universities/university-copenhagen#wurs,7483.0,2336.0,32119.0,3683.0
74,Universidad de Buenos Aires (UBA),Argentina,Latin America,75.0,69.1,https://www.topuniversities.com/universities/universidad-de-buenos-aires-uba#wurs,16421.0,3165.0,122301.0,27109.0
76,Tohoku University,Japan,Asia,76.0,69.0,https://www.topuniversities.com/universities/tohoku-university#wurs,3411.0,264.0,17827.0,1604.0
75,National Taiwan University (NTU),Taiwan,Asia,76.0,69.0,https://www.topuniversities.com/universities/national-taiwan-university-ntu#wurs,2807.0,220.0,32195.0,3152.0
77,Lund University,Sweden,Europe,78.0,68.5,https://www.topuniversities.com/universities/lund-university#wurs,3031.0,1002.0,27786.0,6408.0
78,Durham University,United Kingdom,Europe,78.0,68.5,https://www.topuniversities.com/universities/durham-university#wurs,1539.0,586.0,16745.0,4690.0
79,"University of North Carolina, Chapel Hill",United States,North America,80.0,67.8,https://www.topuniversities.com/universities/university-north-carolina-chapel-hill#wurs,4083.0,524.0,25373.0,1934.0
80,Boston University,United States,North America,81.0,67.2,https://www.topuniversities.com/universities/boston-university#wurs,3157.0,379.0,25662.0,7041.0
81,The University of Auckland,New Zealand,Oceania,82.0,67.0,https://www.topuniversities.com/universities/university-auckland#wurs,2047.0,645.0,29641.0,8568.0
82,The University of Sheffield,United Kingdom,Europe,82.0,67.0,https://www.topuniversities.com/universities/university-sheffield#wurs,3065.0,938.0,25430.0,8745.0
83,The University of Nottingham,United Kingdom,Europe,84.0,66.8,https://www.topuniversities.com/universities/university-nottingham#wurs,3360.0,1135.0,29165.0,7993.0
84,University of Birmingham,United Kingdom,Europe,84.0,66.8,https://www.topuniversities.com/universities/university-birmingham#wurs,2962.0,1028.0,28660.0,7795.0
85,The Ohio State University,United States,North America,86.0,66.1,https://www.topuniversities.com/universities/ohio-state-university#wurs,5911.0,1696.0,43156.0,6874.0
86,Zhejiang University,China,Asia,87.0,65.9,https://www.topuniversities.com/universities/zhejiang-university#wurs,4507.0,1913.0,40869.0,4625.0
87,"Trinity College Dublin, The University of Dublin",Ireland,Europe,88.0,65.7,https://www.topuniversities.com/universities/trinity-college-dublin-university-dublin#wurs,1249.0,544.0,14961.0,4311.0
88,Rice University,United States,North America,89.0,65.6,https://www.topuniversities.com/universities/rice-university#wurs,969.0,316.0,6610.0,1847.0
89,University of Alberta,Canada,North America,90.0,65.5,https://www.topuniversities.com/universities/university-alberta#wurs,3561.0,1294.0,31765.0,8203.0
90,Korea University,South Korea,Asia,90.0,65.5,https://www.topuniversities.com/universities/korea-university#wurs,3745.0,339.0,25892.0,3638.0
91,University of St Andrews,United Kingdom,Europe,92.0,65.3,https://www.topuniversities.com/universities/university-st-andrews#wurs,1140.0,485.0,8800.0,4030.0
92,Pennsylvania State University,United States,North America,93.0,65.2,https://www.topuniversities.com/universities/pennsylvania-state-university#wurs,3509.0,211.0,45612.0,7081.0
93,The University of Western Australia,Australia,Oceania,93.0,65.2,https://www.topuniversities.com/universities/university-western-australia#wurs,1420.0,809.0,18531.0,4575.0
94,The Hong Kong Polytechnic University,Hong Kong,Asia,95.0,65.0,https://www.topuniversities.com/universities/hong-kong-polytechnic-university#wurs,2447.0,1275.0,20972.0,5251.0
95,Lomonosov Moscow State University,Russia,Europe,95.0,65.0,https://www.topuniversities.com/universities/lomonosov-moscow-state-university#wurs,6709.0,373.0,30233.0,5098.0
96,University of Science and Technology of China,China,Asia,97.0,64.9,https://www.topuniversities.com/universities/university-science-technology-china#wurs,1992.0,155.0,16032.0,548.0
97,KTH Royal Institute of Technology,Sweden,Europe,98.0,64.7,https://www.topuniversities.com/universities/kth-royal-institute-technology#wurs,1500.0,494.0,12658.0,1937.0
98,University of Geneva,Switzerland,Europe,98.0,64.7,https://www.topuniversities.com/universities/university-geneva#wurs,1752.0,1029.0,15844.0,6104.0
99,Washington University in St. Louis,United States,North America,100.0,64.6,https://www.topuniversities.com/universities/washington-university-st-louis#wurs,2699.0,784.0,13474.0,2706.0
100,University of Leeds,United Kingdom,Europe,101.0,64.5,https://www.topuniversities.com/universities/university-leeds#wurs,3025.0,870.0,29645.0,7534.0
101,University of Southampton,United Kingdom,Europe,102.0,63.9,https://www.topuniversities.com/universities/university-southampton#wurs,2820.0,1017.0,23775.0,7789.0
102,University of Helsinki,Finland,Europe,102.0,63.9,https://www.topuniversities.com/universities/university-helsinki#wurs,2645.0,535.0,22419.0,1234.0
103,Eindhoven University of Technology,Netherlands,Europe,104.0,63.6,https://www.topuniversities.com/universities/eindhoven-university-technology#wurs,801.0,322.0,7636.0,1275.0
104,Purdue University,United States,North America,105.0,63.2,https://www.topuniversities.com/universities/purdue-university#wurs,3247.0,1334.0,38143.0,8787.0
105,Yonsei University,South Korea,Asia,106.0,62.3,https://www.topuniversities.com/universities/yonsei-university#wurs,3621.0,290.0,25903.0,3379.0
106,"KIT, Karlsruhe Institute of Technology",Germany,Europe,107.0,61.9,https://www.topuniversities.com/universities/kit-karlsruhe-institute-technology#wurs,1827.0,410.0,26081.0,4809.0
107,Sungkyunkwan University (SKKU),South Korea,Asia,108.0,61.6,https://www.topuniversities.com/universities/sungkyunkwan-university-skku#wurs,3556.0,324.0,23921.0,2818.0
108,The University of Adelaide,Australia,Oceania,109.0,61.5,https://www.topuniversities.com/universities/university-adelaide#wurs,1729.0,633.0,21240.0,8114.0
109,Utrecht University,Netherlands,Europe,109.0,61.5,https://www.topuniversities.com/universities/utrecht-university#wurs,3067.0,653.0,31754.0,2771.0
110,Leiden University,Netherlands,Europe,109.0,61.5,https://www.topuniversities.com/universities/leiden-university#wurs,2324.0,581.0,26513.0,3488.0
111,Uppsala University,Sweden,Europe,112.0,61.4,https://www.topuniversities.com/universities/uppsala-university#wurs,2567.0,584.0,25371.0,5198.0
112,University of Groningen,Netherlands,Europe,113.0,61.3,https://www.topuniversities.com/universities/university-groningen#wurs,3351.0,1137.0,27549.0,10780.0
113,Universiti Malaya (UM),Malaysia,Asia,114.0,60.8,https://www.topuniversities.com/universities/universiti-malaya-um#wurs,2755.0,655.0,17902.0,3476.0
114,Nanjing University,China,Asia,114.0,60.8,https://www.topuniversities.com/universities/nanjing-university#wurs,2449.0,617.0,32495.0,2960.0
115,Nagoya University,Japan,Asia,116.0,60.7,https://www.topuniversities.com/universities/nagoya-university#wurs,2665.0,206.0,15838.0,1547.0
116,Technical University of Denmark,Denmark,Europe,116.0,60.7,https://www.topuniversities.com/universities/technical-university-denmark#wurs,2117.0,966.0,8878.0,2098.0
117,"University of California, Davis",United States,North America,118.0,60.4,https://www.topuniversities.com/universities/university-california-davis#wurs,3843.0,549.0,34244.0,4529.0
118,Aarhus University,Denmark,Europe,119.0,59.3,https://www.topuniversities.com/universities/aarhus-university#wurs,2316.0,602.0,26226.0,3762.0
119,Humboldt-Universität zu Berlin,Germany,Europe,120.0,59.2,https://www.topuniversities.com/universities/humboldt-universit%C3%A4t-zu-berlin#wurs,1966.0,407.0,33198.0,4805.0
120,Universidade de São Paulo,Brazil,Latin America,121.0,59.1,https://www.topuniversities.com/universities/universidade-de-s%C3%A3o-paulo#wurs,5582.0,279.0,65711.0,2086.0
121,Universidad Nacional Autónoma de México  (UNAM),Mexico,Latin America,122.0,59.0,https://www.topuniversities.com/universities/universidad-nacional-aut%C3%B3noma-de-m%C3%A9xico-unam#wurs,15073.0,949.0,141939.0,2173.0
122,Hokkaido University,Japan,Asia,122.0,59.0,https://www.topuniversities.com/universities/hokkaido-university#wurs,2605.0,210.0,17552.0,1347.0
123,Wageningen University,Netherlands,Europe,124.0,58.7,https://www.topuniversities.com/universities/wageningen-university#wurs,2277.0,323.0,12695.0,3613.0
125,Ghent University,Belgium,Europe,125.0,58.4,https://www.topuniversities.com/universities/ghent-university#wurs,2520.0,482.0,35968.0,3766.0
124,Freie Universitaet Berlin,Germany,Europe,125.0,58.4,https://www.topuniversities.com/universities/freie-universitaet-berlin#wurs,1375.0,305.0,32912.0,5735.0
126,Queen Mary University of London,United Kingdom,Europe,127.0,58.3,https://www.topuniversities.com/universities/queen-mary-university-london#wurs,1885.0,801.0,16135.0,6806.0
127,Kyushu University,Japan,Asia,128.0,58.2,https://www.topuniversities.com/universities/kyushu-university#wurs,2858.0,246.0,18660.0,1787.0
128,"University of Maryland, College Park",United States,North America,129.0,58.1,https://www.topuniversities.com/universities/university-maryland-college-park#wurs,3920.0,473.0,35504.0,4683.0
129,Université de Montréal,Canada,North America,130.0,57.7,https://www.topuniversities.com/universities/universit%C3%A9-de-montr%C3%A9al#wurs,2961.0,1037.0,39112.0,9688.0
130,Université Pierre et Marie Curie (UPMC),France,Europe,131.0,57.5,https://www.topuniversities.com/universities/universit%C3%A9-pierre-et-marie-curie-upmc#wurs,2273.0,253.0,24305.0,4213.0
131,University of Southern California,United States,North America,132.0,57.2,https://www.topuniversities.com/universities/university-southern-california#wurs,3124.0,551.0,38749.0,9170.0
132,Chalmers University of Technology,Sweden,Europe,133.0,57.1,https://www.topuniversities.com/universities/chalmers-university-technology#wurs,1077.0,336.0,9257.0,1465.0
133,"University of California, Santa Barbara (UCSB)",United States,North America,134.0,56.9,https://www.topuniversities.com/universities/university-california-santa-barbara-ucsb#wurs,1449.0,267.0,23149.0,2128.0
134,Lancaster University,United Kingdom,Europe,135.0,56.3,https://www.topuniversities.com/universities/lancaster-university#wurs,1245.0,435.0,12300.0,4464.0
135,University of York,United Kingdom,Europe,135.0,56.3,https://www.topuniversities.com/universities/university-york#wurs,1833.0,636.0,15999.0,3364.0
138,Pontificia Universidad Católica de Chile (UC),Chile,Latin America,137.0,56.0,https://www.topuniversities.com/universities/pontificia-universidad-cat%C3%B3lica-de-chile-uc#wurs,2260.0,198.0,27003.0,991.0
137,Cardiff University,United Kingdom,Europe,137.0,56.0,https://www.topuniversities.com/universities/cardiff-university#wurs,2755.0,705.0,24565.0,6090.0
136,Aalto University,Finland,Europe,137.0,56.0,https://www.topuniversities.com/universities/aalto-university#wurs,1257.0,370.0,12147.0,1831.0
139,McMaster University,Canada,North America,140.0,55.8,https://www.topuniversities.com/universities/mcmaster-university#wurs,3231.0,1170.0,23702.0,3548.0
140,RWTH Aachen University,Germany,Europe,141.0,55.6,https://www.topuniversities.com/universities/rwth-aachen-university#wurs,3176.0,449.0,44517.0,8556.0
141,University of Oslo,Norway,Europe,142.0,55.5,https://www.topuniversities.com/universities/university-oslo#wurs,2509.0,711.0,24304.0,3667.0
142,University of Pittsburgh,United States,North America,142.0,55.5,https://www.topuniversities.com/universities/university-pittsburgh#wurs,4982.0,572.0,26393.0,2937.0
143,Technische Universität Berlin (TU Berlin),Germany,Europe,144.0,55.2,https://www.topuniversities.com/universities/technische-universit%C3%A4t-berlin-tu-berlin#wurs,2562.0,377.0,22176.0,4494.0
144,The Hebrew University of Jerusalem,Israel,Asia,145.0,54.7,https://www.topuniversities.com/universities/hebrew-university-jerusalem#wurs,2249.0,454.0,16531.0,1034.0
145,University of Lausanne,Switzerland,Europe,146.0,54.5,https://www.topuniversities.com/universities/university-lausanne#wurs,2173.0,1031.0,13435.0,3337.0
146,Emory University,United States,North America,147.0,54.4,https://www.topuniversities.com/universities/emory-university#wurs,2560.0,484.0,12852.0,2154.0
147,Erasmus University Rotterdam,Netherlands,Europe,147.0,54.4,https://www.topuniversities.com/universities/erasmus-university-rotterdam#wurs,2011.0,458.0,23273.0,5229.0
148,University of Basel,Switzerland,Europe,149.0,54.3,https://www.topuniversities.com/universities/university-basel#wurs,1057.0,684.0,12852.0,3441.0
149,Michigan State University,United States,North America,149.0,54.3,https://www.topuniversities.com/universities/michigan-state-university#wurs,2884.0,653.0,44951.0,7427.0
150,University of Otago,New Zealand,Oceania,151.0,54.2,https://www.topuniversities.com/universities/university-otago#wurs,1266.0,759.0,18532.0,3871.0
151,University of Waterloo,Canada,North America,152.0,53.7,https://www.topuniversities.com/universities/university-waterloo#wurs,1689.0,473.0,35541.0,8962.0
152,Université catholique de Louvain (UCL),Belgium,Europe,153.0,53.6,https://www.topuniversities.com/universities/universit%C3%A9-catholique-de-louvain-ucl#wurs,1219.0,406.0,24277.0,4468.0
153,University of Vienna,Austria,Europe,154.0,53.3,https://www.topuniversities.com/universities/university-vienna#wurs,3411.0,1400.0,45967.0,14468.0
154,Hanyang University,South Korea,Asia,155.0,53.2,https://www.topuniversities.com/universities/hanyang-university#wurs,3085.0,364.0,23348.0,3397.0
155,Universitat de Barcelona,Spain,Europe,156.0,52.9,https://www.topuniversities.com/universities/universitat-de-barcelona#wurs,3863.0,108.0,46002.0,6134.0
156,École Normale Supérieure de Lyon,France,Europe,157.0,52.8,https://www.topuniversities.com/universities/%C3%A9cole-normale-sup%C3%A9rieure-de-lyon#wurs,382.0,91.0,2020.0,221.0
157,The University of Exeter,United Kingdom,Europe,158.0,52.7,https://www.topuniversities.com/universities/university-exeter#wurs,1756.0,597.0,20749.0,5504.0
158,University of Aberdeen,United Kingdom,Europe,158.0,52.7,https://www.topuniversities.com/universities/university-aberdeen#wurs,1310.0,508.0,12005.0,4246.0
159,University of Bath,United Kingdom,Europe,160.0,52.6,https://www.topuniversities.com/universities/university-bath#wurs,1165.0,440.0,14370.0,4213.0
160,Newcastle University,United Kingdom,Europe,161.0,52.4,https://www.topuniversities.com/universities/newcastle-university#wurs,2428.0,835.0,21673.0,5717.0
161,National Tsing Hua University,Taiwan,Asia,161.0,52.4,https://www.topuniversities.com/universities/national-tsing-hua-university#wurs,1020.0,119.0,13890.0,1187.0
162,University of Minnesota,United States,North America,163.0,52.2,https://www.topuniversities.com/universities/university-minnesota#wurs,4919.0,195.0,59742.0,6542.0
165,University of Bergen,Norway,Europe,164.0,52.1,https://www.topuniversities.com/universities/university-bergen#wurs,1513.0,484.0,10671.0,767.0
163,Eberhard Karls Universität Tübingen,Germany,Europe,164.0,52.1,https://www.topuniversities.com/universities/eberhard-karls-universit%C3%A4t-t%C3%BCbingen#wurs,3844.0,796.0,27366.0,3860.0
164,"University of California, Irvine",United States,North America,164.0,52.1,https://www.topuniversities.com/universities/university-california-irvine#wurs,1926.0,377.0,32151.0,8538.0
166,University of Bern,Switzerland,Europe,167.0,51.9,https://www.topuniversities.com/universities/university-bern#wurs,1172.0,661.0,10758.0,1618.0
167,University College Dublin,Ireland,Europe,168.0,51.5,https://www.topuniversities.com/universities/university-college-dublin#wurs,1604.0,627.0,19833.0,3876.0
168,Dartmouth College,United States,North America,169.0,51.3,https://www.topuniversities.com/universities/dartmouth-college#wurs,939.0,27.0,6224.0,945.0
169,Politecnico di Milano,Italy,Europe,170.0,50.9,https://www.topuniversities.com/universities/politecnico-di-milano#wurs,1500.0,231.0,36277.0,5593.0
170,Albert-Ludwigs-Universitaet Freiburg,Germany,Europe,171.0,50.8,https://www.topuniversities.com/universities/albert-ludwigs-universitaet-freiburg#wurs,1966.0,413.0,23214.0,3897.0
171,Indian Institute of Technology Delhi (IITD),India,Asia,172.0,50.7,https://www.topuniversities.com/universities/indian-institute-technology-delhi-iitd#wurs,466.0,4.0,7477.0,80.0
172,University of Virginia,United States,North America,173.0,50.3,https://www.topuniversities.com/universities/university-virginia#wurs,2509.0,487.0,21560.0,1899.0
173,King Fahd University of Petroleum & Minerals,Saudi Arabia,Asia,173.0,50.3,https://www.topuniversities.com/universities/king-fahd-university-petroleum-minerals#wurs,1062.0,665.0,6040.0,989.0
174,University of Liverpool,United Kingdom,Europe,173.0,50.3,https://www.topuniversities.com/universities/university-liverpool#wurs,2390.0,717.0,22065.0,7502.0
175,University of Technology Sydney,Australia,Oceania,176.0,50.1,https://www.topuniversities.com/universities/university-technology-sydney#wurs,1328.0,546.0,24207.0,7769.0
176,CentraleSupélec,France,Europe,177.0,50.0,https://www.topuniversities.com/universities/centralesup%C3%A9lec#wurs,529.0,137.0,3877.0,1132.0
177,University of Florida,United States,North America,178.0,49.8,https://www.topuniversities.com/universities/university-florida#wurs,5419.0,504.0,45485.0,4597.0
178,University of Twente,Netherlands,Europe,179.0,49.7,https://www.topuniversities.com/universities/university-twente#wurs,910.0,299.0,9332.0,2235.0
179,Indian Institute of Technology Bombay (IITB),India,Asia,179.0,49.7,https://www.topuniversities.com/universities/indian-institute-technology-bombay-iitb#wurs,876.0,19.0,9402.0,93.0
180,University of Göttingen,Germany,Europe,181.0,49.6,https://www.topuniversities.com/universities/university-g%C3%B6ttingen#wurs,3678.0,641.0,30402.0,3736.0
181,Vrije Universiteit Brussel (VUB),Belgium,Europe,182.0,49.5,https://www.topuniversities.com/universities/vrije-universiteit-brussel-vub#wurs,1792.0,515.0,9284.0,1853.0
182,Universidade Estadual de Campinas (Unicamp),Brazil,Latin America,182.0,49.5,https://www.topuniversities.com/universities/universidade-estadual-de-campinas-unicamp#wurs,1968.0,109.0,26572.0,966.0
183,University of Colorado Boulder,United States,North America,182.0,49.5,https://www.topuniversities.com/universities/university-colorado-boulder#wurs,3685.0,566.0,30219.0,2679.0
184,Vienna University of Technology,Austria,Europe,182.0,49.5,https://www.topuniversities.com/universities/vienna-university-technology#wurs,706.0,172.0,17479.0,5199.0
185,University of Rochester,United States,North America,186.0,49.3,https://www.topuniversities.com/universities/university-rochester#wurs,2569.0,488.0,9636.0,2805.0
186,Universidad Autónoma de Madrid,Spain,Europe,187.0,49.2,https://www.topuniversities.com/universities/universidad-aut%C3%B3noma-de-madrid#wurs,2738.0,181.0,26511.0,2976.0
188,University of Reading,United Kingdom,Europe,188.0,49.1,https://www.topuniversities.com/universities/university-reading#wurs,1280.0,422.0,13330.0,4077.0
187,Alma Mater Studiorum - University of Bologna,Italy,Europe,188.0,49.1,https://www.topuniversities.com/universities/alma-mater-studiorum-university-bologna#wurs,2990.0,153.0,63399.0,4195.0
189,Indian Institute of Science (IISc) Bangalore,India,Asia,190.0,49.0,https://www.topuniversities.com/universities/indian-institute-science-iisc-bangalore#wurs,423.0,423.0,4071.0,47.0
190,University of Cape Town,South Africa,Africa,191.0,48.9,https://www.topuniversities.com/universities/university-cape-town#wurs,1733.0,379.0,19593.0,3325.0
191,Scuola Normale Superiore di Pisa,Italy,Europe,192.0,48.5,https://www.topuniversities.com/universities/scuola-normale-superiore-di-pisa#wurs,86.0,1.0,532.0,48.0
192,Scuola Superiore Sant'Anna Pisa di Studi Universitari e di Perfezionamento,Italy,Europe,192.0,48.5,https://www.topuniversities.com/universities/scuola-superiore-santanna-pisa-di-studi-universitari-e-di-perfezionamento#wurs,119.0,1.0,789.0,135.0
193,Keio University,Japan,Asia,192.0,48.5,https://www.topuniversities.com/universities/keio-university#wurs,3905.0,261.0,33500.0,2178.0
194,Stockholm University,Sweden,Europe,195.0,48.1,https://www.topuniversities.com/universities/stockholm-university#wurs,2154.0,646.0,28281.0,2636.0
195,Universitat Autònoma de Barcelona,Spain,Europe,195.0,48.1,https://www.topuniversities.com/universities/universitat-aut%C3%B2noma-de-barcelona#wurs,2187.0,230.0,31986.0,3848.0
196,Texas A&M University,United States,North America,195.0,48.1,https://www.topuniversities.com/universities/texas-am-university#wurs,3446.0,206.0,60294.0,4900.0
197,Instituto Tecnológico y de Estudios Superiores de Monterrey,Mexico,Latin America,199.0,48.0,https://www.topuniversities.com/universities/instituto-tecnol%C3%B3gico-y-de-estudios-superiores-de-monterrey#wurs,1822.0,821.0,13376.0,1412.0
198,Maastricht University,Netherlands,Europe,200.0,47.9,https://www.topuniversities.com/universities/maastricht-university#wurs,1277.0,502.0,16385.0,8234.0
199,Universidad de Chile,Chile,Latin America,201.0,47.8,https://www.topuniversities.com/universities/universidad-de-chile#wurs,2256.0,127.0,38848.0,2134.0
